{
  "Linear Regression": {
    "r2": 0.006229168845801603,
    "mae": 4139.471225715936,
    "rmse": 5200.887443095926,
    "train_r2": 0.011955531258610819
  },
  "Lasso": {
    "r2": 0.006173066321836007,
    "mae": 4139.571547236434,
    "rmse": 5201.034246959199,
    "train_r2": 0.011955126763330104
  },
  "Ridge": {
    "r2": 0.00622862487225273,
    "mae": 4139.472464550555,
    "rmse": 5200.888866535175,
    "train_r2": 0.011955531208739267
  },
  "Decision Tree": {
    "r2": 0.6186858952994035,
    "mae": 2417.4276523229482,
    "rmse": 3221.6307898762616,
    "train_r2": 0.6520802244406249
  }
}